order_id,code,description,line,stt_noline
1,1.0,ASSETS:,,
2,1.01,LIQUID FUNDS,,1
3,1.01.1.1.1,Cash in Vault,1060,
4,1.01.1.1.2,Cash in ATM Vault,1449,
5,1.01.2,Due from Central Bank,1640,
6,1.01.3,Items in course of collect.,1800,
7,1.01.4,Due from Com. Banks,,2
8,1.01.4.1,Domestic Currency,,3
9,1.01.4.1.2,Call Deposits,,4
10,1.01.4.1.2.21,LocalBankBRIDili,1932,
11,1.01.4.1.2.22,LocalBanks:BNU,1930,
12,1.01.4.1.2.23,LocalBanks:BRI,1940,
13,1.01.4.1.2.21,LocalBanks:Mandiri,1950,
14,1.01.4.1.2.3,OverseasUSDBRI,1960,
15,1.01.4.1.2.4,OverseasUSDBCA,1970,
16,1.01.4.1.2.5,OverseasUSDBNINY,1975,
17,1.01.4.1.2.7,OverseasUSDTurki,1977,
18,1.01.4.1.2.8,OverseasBRINewYork,1978,
19,1.01.4.1.2.9,OverseasUSDUK,1979,
20,1.01.4.1.2,OTHERS,,5
21,1.01.4.1.3.20,LocalBanks:MANDIRI,2005,
22,1.01.4.1.3.21,LocalBanks:BNU,2010,
23,1.01.4.1.3.22,LocalBanks:BRIDILI,2015,
24,1.01.4.1.3.24,BNITimeDepNewYork,2020,
25,1.01.4.1.3.21,BRITimeDepNewYork,2021,
26,1.01.4.1.3.25,TDAktifTurkey,2022,
27,1.01.4.1.3.23,TimeDepositBOCSingapore,2025,
28,1.01.4.1.2.3,Overseas,6830,
29,1.01.4.3,Foreign Currency,,6
30,1.01.4.2.2,OverseasIDRBRI,2080,
31,1.01.4.2.3,OtherOverseasBanks(TD),2090,
32,1.01.4.2.3,TimeDepositBRIJakarta,2095,
33,1.01.4.2.4,OverseasIDRBCA,2110,
34,1.01.4.2.5,OverseasAUDBCA,2113,
35,1.01.4.2.6,BCPPortugal,2115,
36,1.01.4.2.7,BOCSingapore,2116,
37,1.01.4.2.8,SGDBOCSingapore,2117,
38,1.01.4.2.9,OverseasEuroTurky,2118,
39,1.01.4.3.1,OverseasPoudsTurky,2119,
40,1.01.4.3.2,OverseasIDRBNIJakarta,2120,
41,1.01.4.3.2,OverseasGBPUK,2121,
42,1.01.4.3.3,OverseasEUROUK,2122,
43,1.02,INVESTMENT,,7
44,1.02.1,Securities,,
45,1.04,"LOAN, ADV. & DISC.",,8
46,1.04.1,CURRENT LOAN,,9
47,1.04.1.1.3.10,MarketVendorDailyL.,2710,
48,1.04.1.1.3.20,SeasonalCropLoans,2720,
49,1.04.1.1.3.30,OtherBusineesLoans,2730,
50,1.04.1.1.3.50,ProjectLoan,2740,
51,1.04.1.1.3.60,InvestmentLoans,2750,
52,1.04.1.1.3.80,TransportLoan,2760,
53,1.04.1.1.3.85,AgricultorLoan,2762,
54,1.04.1.1.3.70,MicrofinanceGroupL.,2820,
55,1.04.1.1.4.20,PayrollLoans,2830,
56,1.04.1.1.4.30,LoanstoEmpl.&Staff,2840,
57,1.04.1.1.4.35,InternalStaffLoan,2842,
58,1.04.1.1.4.40,AsuwainLoan,2845,
59,1.04.1.1.4.50,BukaeLoan,2847,
60,1.04.1.1.4.60,PensionLoan,2848,
61,1.04.1.1.4.65,FIARLoan,2866,
62,,RBLLoanOrigination,2867,
63,1.03,PAST DUE LOANS,,10
64,1.04.2.1.3.10,PastDueMark.Vend.D.L.,3050,
65,1.04.2.1.3.20,PastDueSeas.C.Loans,3060,
66,1.04.2.1.3.30,PastDueOtherBusi.L.,3070,
67,1.04.2.1.3.50,PastDueProjectLoans,3080,
68,10.4.2.1.3.60,PastDueInvestmentLoan,3090,
69,,PastDueTransportLoan,3092,
70,1.04.2.1.4.37,PastDueAgricultureLO,3094,
71,1.04.2.1.4.10,PastDueMicrof.G.L.,3120,
72,1.04.2.1.4.20,PastDuePayrollLoans,3130,
73,1.04.2.1.4.30,PastDueL.toE.&Staff,3140,
74,1.04.2.1.4.35,PastDueL.InternalStaff,3141,
75,1.04.2.1.4.40,PastDueAsuwainLoan,3148,
76,1.04.2.1.4.35,PastDueBukaeLoan,3145,
77,1.04.2.1.4.36,PastDuePensionLoan,3146,
78,,PastDueFiarLoan.Org,3152,
79,,PastDueRBLLoanOrigination,3153,
80,1.04.3,PROV. FOR L. LOSSES,,11
81,1.04.3.1.3,BusineesInterprises,3250,
82,1.04.3.1.4,Others,3260,
83,1.04.3.1.5,ECLDistribuition,3265,
84,1.05,ACC. RECEIVABLE,,12
85,1.05.1,InterestAccrued,3340,
86,1.05.1.1,DueFr.Banks&OtherFin. Inst,3350,
87,1.05.1.3.1,PerformingLoans,3390,
88,1.05.1.3.2,Non-PerformingLoans,3400,
89,1.05.3,OtherReceivable,3440,
90,1.06,FIXED ASSETS,,13
91,1.06.2.1,Offices/Buildings,3520,
92,1.06.2.2,OfficeUnderCunstruction,3530,
93,1.06.2.3,LeaseholdImprov.,3540,
94,1.06.3,FurnetureandFixtures,3560,
95,1.06.4,MachineryandEquip.,3570,
96,1.06.5,Vehicles,3580,
97,1.06.6,NonPhysicalAsset,3590,
98,1.06.9,RESERVE FOR DEPREC.,,14
99,1.06.9.3,Accum.Depr.Fur.&Fixt.,3620,
100,1.06.9.4,Accum.Depr.Mech.&Eq.,3630,
101,1.06.9.5,Accum.Depr.Vehicles,3640,
102,1.06.9.6,Accum.Depr.Non-PhysicalAssets,3650,
103,1.06.9.7,Accum.Depr.Building,3655,
104,1.06.9.8,Accum.Depr.Leasehold,3657,
105,1.09,OTHER ASSETS,,15
106,1.09.1,PrepaidExpenses,3690,
107,1.09.1,InterBranchTransactions(NET),3700,
108,1.09.3,OfficeAccounts,,16
109,1.09.3.1,PettyCashFund,3740,
110,1.09.3.3,Stationery&OfficeSupp.,3750,
111,1.09.3.5,Shortages,3760,
112,1.09.4,AssetHeldInRes.ofDebt,,17
113,1.09.4.2,AssetsHeldInRes.ofDebt,3780,
114,1.09.4.3,AllowanceforProbableLosses,6870,
115,1.09.5,ItemsinSuspense,3810,
116,1.09.6,MiscellaneousAssets,,18
117,1.09.6.9.2.1,Right Of Use Assets IFRS,3835,
118,1.09.6.9.2.2,DifferedTax,3837,
119,1.09.6.9.2,IntangibleAssets(AssetsinProgress),3840,
120,1.09.6.9.4,OtherAssets-DepsitPaymentEmp,3850,
121,1.09.6.9.7,DefferedCharges,3845,
122,1.09.6.9.9,SundryDebits,7940,
123,,TotalAssets:,,19
124,,SystemIntError,,
125,,TotalAssetsinCRF,3865,
126,,Diference,,
127,,ErrorinSystem,7250,